{
  "rf": 0.05,
  "xgb": 0.14183673469387753,
  "logreg": 0.8765306122448979
}